Feature_Pair,Accuracy_Class_1,Accuracy_Class_2,Accuracy_Class_3,AUC_Class_1,AUC_Class_2,AUC_Class_3,Sensitivity_class_1,Sensitivity_class_2,Sensitivity_class_3,Specificity_class_1,Specificity_class_2,Specificity_class_3,LR_positive_class_1,LR_positive_class_2,LR_positive_class_3,LR_negative_class_1,LR_negative_class_2,LR_negative_class_3,F1score_class_1,F1score_class_2,F1score_class_3,Classification_error,Pairwise_classification_accuracy,Rank_score,Alpha_1,Alpha_2,Beta_1,Beta_2,Beta_3,Beta_4,Beta_5,Beta_6
dvdtmax-vmax-vrest-APD50-max_dv-CaTD50,0.8125,0.5,0.8125,0.945454545,0.857142857,0.916666667,1,0.285714286,1,0.727272727,1,0.75,3.666656889,5.142832286,3.999988,1.57E-06,0.714286,1.33E-06,0.769230769,0.444444444,0.727272727,0.2105888,0.957345972,0.866666667,22.56361998,82.06112615,-105.1753051,83.81902087,130.4998959,-53.50884042,50.95750168,81.0493612
dvdtmax-vrest-APD50-camax-CaTD50-CaTD90,0.8125,0.5625,0.875,0.927272727,0.857142857,0.947916667,0.6,0.571428571,1,0.818181818,0.714285714,0.833333333,5.49997525,2.571423857,5.99997,0.4000006,0.514286297,1.20E-06,0.727272727,0.666666667,0.8,0.128754223,0.966824645,0.866666667,-24.5399417,6.486853484,3.203537475,95.23372629,87.19171387,-45.22450585,-63.03012562,99.1009296
vmax-vrest-APD90-camax-CaTD50-CaTD90,0.8125,0.5,0.8125,0.945454545,0.80952381,0.916666667,1,0.142857143,1,0.727272727,1,0.75,3.666656889,142858.0395,3.999988,1.38E-06,0.857143,1.33E-06,0.769230769,0.25,0.727272727,0.27971259,0.933649289,0.866666667,-5.652913713,45.50769781,24.2448759,82.70264257,110.3077458,-26.12787082,71.22462858,-58.19125372
vrest-APD50-camax-carest-CaTD50-CaTD90,0.8125,0.5625,0.875,0.927272727,0.857142857,0.947916667,0.6,0.571428571,1,0.818181818,0.714285714,0.833333333,5.49997525,2.571423857,5.99997,0.4000006,0.514286297,1.20E-06,0.727272727,0.666666667,0.8,0.128817501,0.966824645,0.866666667,-29.38614205,1.756799001,94.05989971,82.3220868,-45.0013634,18.19634107,-75.7678327,132.1134111
qNet-dvdtmax-vmax-vrest-APD50-camax,0.875,0.4375,0.75,0.963636364,0.793650794,0.875,0.6,0.428571429,1,1,0.666666667,0.666666667,599999.7586,1.285713429,2.999994,0.4000006,0.857143071,1.50E-06,0.75,0.5,0.666666667,0.295411543,0.952606635,0.833333333,-94.49838772,103.1471553,-140.3296673,0.205552291,125.5744754,101.6239041,160.8756318,-137.0583962
qNet-dvdtmax-vmax-vrest-APD90-CaTD90,0.875,0.4375,0.75,0.963636364,0.825396825,0.916666667,0.8,0.142857143,1,0.818181818,0.833333333,0.666666667,5.49997525,2.571419143,2.999994,0.220000858,0.857143,1.50E-06,0.8,0.25,0.666666667,0.267580773,0.952606635,0.833333333,2.632594337,39.17717437,-35.31895867,-52.85690082,59.11081962,155.0704532,-16.60702266,166.5955062
qNet-vmax-vrest-APD90-max_dv-camax,0.875,0.5,0.8125,0.963636364,0.841269841,0.916666667,0.8,0.428571429,1,0.818181818,0.8,0.75,5.49997525,2.571419143,3.999988,0.220000858,0.685714663,1.33E-06,0.8,0.545454545,0.727272727,0.187772684,0.962085308,0.833333333,-41.51191179,83.85940171,-100.6351714,51.4095063,108.0741022,49.95687829,52.84450417,-84.29569829
qNet-vmax-vrest-APD90-camax-CaTD50,0.8125,0.5625,0.875,0.872727273,0.80952381,0.9375,0.6,0.571428571,1,0.909090909,0.666666667,0.833333333,6.599938401,1.9999965,5.99997,0.440000616,0.60000056,1.20E-06,0.666666667,0.615384615,0.8,0.183039047,0.933649289,0.833333333,-13.99820392,25.69669992,-47.45340574,-1.321306886,42.78816163,41.54239339,-43.58021967,-18.36301711
qNet-vmax-vrest-APD90-camax-CaTD90,0.8125,0.5625,0.875,0.872727273,0.793650794,0.9375,0.6,0.571428571,1,0.909090909,0.666666667,0.833333333,6.599938401,1.9999965,5.99997,0.440000616,0.60000056,1.33E-06,0.666666667,0.615384615,0.75,0.189744802,0.933649289,0.833333333,-3.295605667,36.85256922,-42.54955407,-3.07959654,50.46800883,18.96840532,-21.95565398,-0.576091292
dvdtmax-vmax-vrest-APD50-camax-carest,0.8125,0.4375,0.75,0.927272727,0.777777778,0.916666667,0.6,0.428571429,1,0.909090909,0.666666667,0.666666667,6.599938401,1.49999825,2.999994,0.440000616,0.80000028,1.50E-06,0.666666667,0.5,0.666666667,0.225861044,0.962085308,0.833333333,-34.74355189,53.61485109,-73.05889984,79.45120677,212.5617111,183.2642879,-79.87536547,-105.1593412
dvdtmax-vmax-vrest-APD90-CaTD50-CaTD90,0.875,0.5,0.8125,0.963636364,0.857142857,0.916666667,0.8,0.285714286,1,0.818181818,0.8,0.75,5.49997525,2.857133571,3.999988,0.220000858,0.714286,1.33E-06,0.8,0.444444444,0.727272727,0.1861704,0.966824645,0.833333333,-14.43677381,56.50557926,-53.49102524,69.03137182,173.0204665,68.86828435,-10.67638882,153.3120521
dvdtmax-vmax-vrest-max_dv-camax-carest,0.8125,0.5625,0.875,0.909090909,0.841269841,0.958333333,0.8,0.428571429,1,0.727272727,0.8,0.833333333,3.666656889,2.999986,5.99997,0.244445368,0.666667056,1.20E-06,0.727272727,0.545454545,0.8,0.164555373,0.952606635,0.833333333,-6.315029076,16.13364537,-37.1716509,45.08338091,50.22905847,32.64036849,-4.511027698,-54.38058998
dvdtmax-vrest-APD50-camax-carest-CaTD50,0.8125,0.5625,0.875,0.927272727,0.857142857,0.947916667,0.8,0.571428571,1,0.818181818,0.8,0.833333333,4.3999813,2.999993,5.99997,0.244445368,0.514286297,1.20E-06,0.727272727,0.666666667,0.8,0.136256464,0.962085308,0.833333333,-15.99190694,16.60775755,4.812722915,99.24606093,130.1787734,-94.88180005,-19.14303701,-42.64620194
dvdtmax-vrest-APD50-carest-CaTD50-CaTD90,0.8125,0.5,0.8125,0.927272727,0.825396825,0.947916667,0.6,0.428571429,1,0.818181818,0.666666667,0.75,5.49997525,2.142853714,3.999988,0.440000616,0.666667056,1.33E-06,0.666666667,0.545454545,0.727272727,0.175414782,0.962085308,0.833333333,-27.32970367,2.426698148,-0.596130678,91.27548193,46.43010491,7.981863604,-65.00926582,158.1524317
dvdtmax-vrest-APD90-carest-CaTD50-CaTD90,0.8125,0.5625,0.875,0.945454545,0.873015873,0.9375,0.8,0.428571429,1,0.818181818,0.8,0.833333333,4.3999813,3.428556857,5.99997,0.244445368,0.571429,1.20E-06,0.727272727,0.6,0.8,0.134131795,0.966824645,0.833333333,-2.829400179,25.16147025,-21.41285846,67.26670594,-32.73505779,132.8267224,-44.13549424,204.8170401
dvdtmax-vrest-camax-carest-CaTD50-CaTD90,0.8125,0.5,0.8125,0.909090909,0.777777778,0.927083333,0.6,0.428571429,1,0.818181818,0.666666667,0.75,5.49997525,1.9999965,3.999988,0.440000616,0.685714663,1.33E-06,0.666666667,0.545454545,0.727272727,0.220232407,0.947867299,0.833333333,-27.87627698,0.872735648,-8.762411074,87.26249663,45.83118299,19.85925328,-59.89398277,210.9026512
vmax-vrest-APD50-APD90-camax-CaTD90,0.8125,0.5,0.8125,0.909090909,0.761904762,0.927083333,0.6,0.428571429,1,0.909090909,0.666666667,0.75,6.599938401,1.666665111,3.999988,0.440000616,0.761905079,1.33E-06,0.666666667,0.5,0.727272727,0.221554854,0.952606635,0.833333333,3.986894072,43.76767743,-11.09226491,113.8826874,117.1141235,-98.48916657,12.1121815,74.22742845
vmax-vrest-APD50-APD90-carest-CaTD90,0.8125,0.5,0.8125,0.909090909,0.761904762,0.927083333,0.6,0.428571429,1,0.909090909,0.666666667,0.75,6.599938401,1.52321288,3.999988,0.440000616,0.761905079,1.33E-06,0.666666667,0.5,0.727272727,0.232604136,0.943127962,0.833333333,-5.27112947,34.06589231,-3.505559981,116.5109227,134.6254282,-75.09638629,-60.50633919,21.54306062
vmax-vrest-APD50-APD90-CaTD50-CaTD90,0.8125,0.5,0.8125,0.909090909,0.777777778,0.9375,0.6,0.428571429,1,0.909090909,0.666666667,0.75,6.599938401,1.714283571,3.999988,0.440000616,0.685714663,1.33E-06,0.666666667,0.545454545,0.727272727,0.216485105,0.952606635,0.833333333,-32.24043489,6.293492305,-1.201532069,111.3942888,133.9069138,-74.69203393,-77.5552622,179.2141493
vmax-vrest-APD50-camax-carest-CaTD50,0.75,0.5625,0.875,0.9,0.793650794,0.9375,1,0.285714286,0.75,0.636363636,0.857142857,0.833333333,2.749995188,3.428556857,5.99997,1.57E-06,0.816326741,0.272728066,0.714285714,0.4,0.75,0.230088834,0.952606635,0.833333333,2.006259042,47.75648137,30.62910533,90.99070017,180.3171763,-197.5666239,101.7020726,-61.7977744
vmax-vrest-APD50-carest-CaTD50-CaTD90,0.875,0.5,0.8125,0.945454545,0.873015873,0.947916667,0.8,0.571428571,1,0.818181818,0.8,0.833333333,5.49997525,2.999993,4.499979,0.244445368,0.571429,1.33E-06,0.75,0.615384615,0.727272727,0.12615958,0.971563981,0.833333333,-25.43908273,5.987987115,21.30350574,84.93257724,61.07094044,-20.73960428,-65.42299805,138.0331349
vmax-vrest-camax-carest-CaTD50-CaTD90,0.8125,0.5,0.8125,0.945454545,0.825396825,0.927083333,0.8,0.428571429,1,0.818181818,0.8,0.75,5.49997525,2.285709143,3.999988,0.244445368,0.685714663,1.33E-06,0.727272727,0.545454545,0.727272727,0.187305568,0.957345972,0.833333333,-23.5759724,5.955263297,20.14375854,80.12755321,63.84007919,-11.05276064,-56.39493265,203.0667941
vmax-APD50-APD90-carest-CaTD50-CaTD90,0.8125,0.4375,0.75,0.936363636,0.833333333,0.895833333,1,0.142857143,1,0.727272727,1,0.666666667,3.666656889,142857.9285,2.999994,1.38E-06,0.857143,1.50E-06,0.769230769,0.25,0.666666667,0.283106175,0.947867299,0.833333333,-6.058577081,52.28572714,67.34802556,-36.43802122,115.2374577,81.44478583,32.70389249,17.50524531
vrest-APD50-APD90-max_dv-CaTD50-CaTD90,0.875,0.4375,0.75,0.981818182,0.841269841,0.916666667,0.8,0.285714286,1,0.909090909,0.8,0.666666667,8.799914201,1.714281429,2.999994,0.220000858,0.857143029,1.50E-06,0.8,0.4,0.666666667,0.235436557,0.957345972,0.833333333,-20.73209315,39.60359063,210.434086,-83.56061641,-5.076247038,96.87963545,-2.873792707,152.2593891
vrest-APD50-APD90-camax-carest-CaTD90,0.8125,0.5,0.8125,0.909090909,0.761904762,0.927083333,0.6,0.428571429,1,0.909090909,0.666666667,0.75,6.599938401,1.49999825,3.999988,0.440000616,0.80000028,1.33E-06,0.666666667,0.5,0.727272727,0.238331621,0.943127962,0.833333333,-5.349096498,33.32669143,112.5723786,118.5922861,-68.16224634,11.90000544,-61.84591759,32.9946931
vrest-APD50-APD90-camax-CaTD50-CaTD90,0.8125,0.5,0.8125,0.909090909,0.793650794,0.9375,0.6,0.571428571,1,0.909090909,0.666666667,0.75,6.599938401,1.714283571,3.999988,0.440000616,0.642857679,1.33E-06,0.666666667,0.615384615,0.727272727,0.192728327,0.952606635,0.833333333,-34.88024309,3.246955222,111.2944043,145.4376929,-69.37040518,-17.00918309,-86.17879172,172.1654126
vrest-APD50-APD90-carest-CaTD50-CaTD90,0.8125,0.5,0.8125,0.909090909,0.761904762,0.9375,0.6,0.428571429,1,0.909090909,0.666666667,0.75,6.599938401,1.714282857,3.999988,0.440000616,0.685714663,1.33E-06,0.666666667,0.545454545,0.727272727,0.217681783,0.952606635,0.833333333,-24.90693788,13.03253939,109.6609947,130.3257139,-70.18601478,-19.15637028,-56.33468699,132.6260017
qNet-dvdtmax-vmax-vrest-APD50-APD90,0.8125,0.5625,0.8125,0.836363636,0.841269841,0.927083333,0.6,0.571428571,1,0.909090909,0.666666667,0.75,6.599938401,2.142853714,3.999988,0.440000616,0.500000875,1.33E-06,0.666666667,0.666666667,0.727272727,0.231075113,0.91943128,0.8,-14.17993589,24.81012893,-73.55912335,-7.149159379,4.053405832,0.580745227,-129.4693877,110.3155582
qNet-dvdtmax-vmax-vrest-APD50-carest,0.8125,0.5,0.8125,0.872727273,0.777777778,0.9375,0.6,0.571428571,1,0.909090909,0.666666667,0.75,6.599938401,1.714283571,3.999988,0.440000616,0.642857679,1.33E-06,0.666666667,0.615384615,0.727272727,0.207177287,0.933649289,0.8,-7.496098936,32.72286159,-34.29132512,7.354649579,-3.136101692,67.80649567,32.02246384,-47.17185019
qNet-dvdtmax-vmax-vrest-APD50-CaTD50,0.8125,0.4375,0.75,0.909090909,0.738095238,0.875,0.6,0.428571429,1,0.909090909,0.666666667,0.666666667,6.599938401,1.285713429,2.999994,0.440000616,0.857143071,1.50E-06,0.666666667,0.5,0.666666667,0.264145882,0.947867299,0.8,-25.14949096,135.605517,-156.9432187,-51.53091888,71.94404875,122.9249377,18.83941152,65.5821611
qNet-dvdtmax-vmax-vrest-APD50-CaTD90,0.8125,0.5,0.8125,0.890909091,0.777777778,0.9375,0.6,0.571428571,1,0.909090909,0.666666667,0.75,6.599938401,1.714283571,3.999988,0.440000616,0.642857679,1.33E-06,0.666666667,0.615384615,0.727272727,0.201553261,0.943127962,0.8,-2.37928505,37.44096662,-37.94200152,5.16460214,-7.165639879,58.12781378,4.174131462,28.29392965
qNet-dvdtmax-vmax-vrest-APD90-carest,0.8125,0.5,0.8125,0.872727273,0.777777778,0.9375,0.6,0.571428571,1,0.909090909,0.666666667,0.75,6.599938401,1.714283571,3.999988,0.440000616,0.642857679,1.33E-06,0.666666667,0.615384615,0.727272727,0.203350623,0.928909953,0.8,-8.558852736,31.19615348,-41.40824838,4.835300696,-1.257914473,54.74441995,22.43275912,-38.25017369
qNet-dvdtmax-vmax-vrest-APD90-CaTD50,0.8125,0.5625,0.8125,0.854545455,0.80952381,0.9375,0.6,0.571428571,1,0.909090909,0.666666667,0.75,6.599938401,1.9999965,3.999988,0.440000616,0.60000056,1.50E-06,0.666666667,0.615384615,0.727272727,0.214558009,0.91943128,0.8,3.009570618,43.24176293,-35.53182945,-13.37142749,-2.260930242,57.96345185,-2.6685576,19.61725824
qNet-dvdtmax-vmax-vrest-max_dv-carest,0.8125,0.5625,0.8125,0.854545455,0.80952381,0.9375,0.6,0.571428571,1,0.909090909,0.666666667,0.75,6.599938401,1.9999965,3.999988,0.440000616,0.60000056,1.50E-06,0.666666667,0.615384615,0.727272727,0.210748628,0.924170616,0.8,-9.452424732,31.61546258,-45.83290763,-0.176522908,-2.105645371,51.21960751,12.41985086,-33.62124464
qNet-dvdtmax-vmax-vrest-max_dv-CaTD50,0.8125,0.5625,0.8125,0.854545455,0.80952381,0.9375,0.6,0.571428571,1,0.909090909,0.666666667,0.75,6.599938401,1.785712321,3.999988,0.440000616,0.60000056,1.34E-06,0.666666667,0.615384615,0.727272727,0.218683823,0.91943128,0.8,3.179694633,43.44635014,-35.42048884,-13.10752297,-2.744193571,58.77285633,-2.406808777,20.06952377
qNet-dvdtmax-vmax-APD50-APD90-camax,0.8125,0.5625,0.8125,0.836363636,0.841269841,0.927083333,0.6,0.571428571,1,0.909090909,0.666666667,0.75,6.599938401,2.142853714,3.999988,0.440000616,0.500000583,1.33E-06,0.666666667,0.666666667,0.727272727,0.229811635,0.91943128,0.8,-14.19933478,24.59757739,-73.44479724,-7.504487901,4.534945751,-131.0235233,111.7795845,0.192159457
qNet-dvdtmax-vmax-APD50-APD90-carest,0.8125,0.5625,0.8125,0.836363636,0.841269841,0.927083333,0.6,0.571428571,1,0.909090909,0.666666667,0.75,6.599938401,2.142853714,3.999988,0.440000616,0.514286297,1.33E-06,0.666666667,0.666666667,0.727272727,0.228691738,0.91943128,0.8,-14.22264043,24.44474484,-73.10140759,-7.797829011,4.902434679,-131.0437601,112.0326471,-0.074038855
qNet-dvdtmax-vmax-APD50-APD90-CaTD90,0.8125,0.5625,0.8125,0.836363636,0.841269841,0.927083333,0.6,0.571428571,1,0.909090909,0.666666667,0.75,6.599938401,2.142853714,3.999988,0.440000616,0.514286297,1.33E-06,0.666666667,0.666666667,0.727272727,0.228600483,0.91943128,0.8,-14.23397934,24.48216708,-73.18614687,-7.844220926,4.950995218,-131.3510896,112.2467125,0.092645102
qNet-dvdtmax-vrest-APD50-APD90-carest,0.8125,0.5625,0.8125,0.854545455,0.80952381,0.9375,0.6,0.571428571,1,0.909090909,0.666666667,0.75,6.599938401,1.9999965,3.999988,0.440000616,0.60000056,1.33E-06,0.666666667,0.615384615,0.727272727,0.205796832,0.924170616,0.8,-10.70347813,28.52359661,-61.78593115,1.923718104,21.42200787,-79.31695016,75.09944735,-13.41937931
qNet-dvdtmax-vrest-APD50-APD90-CaTD50,0.8125,0.5625,0.8125,0.854545455,0.825396825,0.9375,0.6,0.571428571,1,0.909090909,0.666666667,0.75,6.599938401,1.9999965,3.999988,0.440000616,0.60000056,1.33E-06,0.666666667,0.615384615,0.727272727,0.212209456,0.924170616,0.8,-8.554174402,29.47805906,-63.54350461,-1.600374165,13.07367576,-91.83620855,77.47029627,3.014852421
qNet-dvdtmax-vrest-APD50-APD90-CaTD90,0.8125,0.4375,0.75,0.909090909,0.793650794,0.916666667,0.6,0.285714286,1,0.818181818,0.75,0.666666667,4.3999813,1.999993,2.999994,0.4000006,0.833333528,1.50E-06,0.666666667,0.4,0.666666667,0.229110412,0.957345972,0.8,-4.066581958,91.49788989,-76.68473005,15.50848236,185.8693162,1.587332363,71.90665006,92.07706019
qNet-dvdtmax-vrest-APD50-camax-CaTD90,0.8125,0.5,0.75,0.854545455,0.777777778,0.927083333,0.6,0.428571429,1,0.909090909,0.666666667,0.666666667,6.599938401,1.714283571,2.999994,0.440000616,0.685714663,1.50E-06,0.666666667,0.545454545,0.666666667,0.270006125,0.91943128,0.8,-10.14872816,28.58624914,-32.59968741,-17.03089238,59.31401496,-26.8013136,40.44051148,80.97438129
qNet-dvdtmax-vrest-APD50-carest-CaTD50,0.8125,0.5,0.8125,0.854545455,0.777777778,0.9375,0.6,0.571428571,1,0.909090909,0.666666667,0.75,6.599938401,1.714283571,3.999988,0.440000616,0.642857679,1.33E-06,0.666666667,0.615384615,0.727272727,0.214150763,0.928909953,0.8,-8.664487123,31.33523792,-31.72741117,-0.280118795,69.34096455,32.76205888,-48.10944981,1.440990945
qNet-dvdtmax-vrest-APD90-camax-carest,0.8125,0.5,0.8125,0.854545455,0.793650794,0.9375,0.6,0.571428571,1,0.909090909,0.666666667,0.75,6.599938401,1.714283571,3.999988,0.440000616,0.642857679,1.33E-06,0.666666667,0.615384615,0.727272727,0.205834692,0.928909953,0.8,-9.38080791,30.22341562,-40.43474203,-0.122688707,54.78682915,23.39676322,-3.925912632,-34.04428108
qNet-dvdtmax-vrest-APD90-carest-CaTD90,0.8125,0.5,0.8125,0.872727273,0.793650794,0.9375,0.6,0.571428571,1,0.909090909,0.666666667,0.75,6.599938401,1.714283571,3.999988,0.440000616,0.642857679,1.33E-06,0.666666667,0.615384615,0.727272727,0.20968019,0.928909953,0.8,-9.420046828,30.03597593,-39.53065238,-0.153765527,55.59585999,20.98838071,-34.49166765,4.657440955
qNet-dvdtmax-vrest-max_dv-carest-CaTD90,0.8125,0.5,0.8125,0.854545455,0.80952381,0.9375,0.6,0.571428571,1,0.909090909,0.666666667,0.75,6.599938401,1.9999965,3.999988,0.440000616,0.60000056,1.33E-06,0.666666667,0.615384615,0.727272727,0.218415918,0.924170616,0.8,-7.110813301,32.86913245,-36.15155163,-14.02038723,57.72756443,2.925997718,-1.006306969,30.73297312
qNet-dvdtmax-vrest-camax-carest-CaTD90,0.8125,0.5,0.75,0.854545455,0.777777778,0.927083333,0.6,0.428571429,1,0.909090909,0.666666667,0.666666667,6.599938401,1.714281429,2.999994,0.440000616,0.685714663,1.50E-06,0.666666667,0.545454545,0.666666667,0.257957015,0.924170616,0.8,-10.85467117,28.03729287,-31.23540963,-8.752554165,65.42985542,27.34519048,-28.15568911,48.0909802
qNet-dvdtmax-vrest-camax-CaTD50-CaTD90,0.8125,0.5,0.8125,0.872727273,0.761904762,0.927083333,0.6,0.571428571,1,0.909090909,0.6,0.75,6.599938401,1.523808127,3.999988,0.440000616,0.685714663,1.50E-06,0.666666667,0.571428571,0.727272727,0.24308212,0.928909953,0.8,-24.67979832,14.20541106,-32.47862034,-4.780221358,63.63494093,29.40945421,-41.50707456,131.158865
qNet-dvdtmax-APD50-APD90-camax-carest,0.8125,0.5625,0.8125,0.854545455,0.825396825,0.9375,0.6,0.571428571,1,0.909090909,0.666666667,0.75,6.599938401,2.142853714,3.999988,0.440000616,0.535714866,1.33E-06,0.666666667,0.666666667,0.727272727,0.221425297,0.91943128,0.8,-13.16376604,26.06017777,-75.67263305,-0.806697818,-129.647528,108.9620494,0.56212928,1.830124813
qNet-dvdtmax-APD50-APD90-camax-CaTD90,0.8125,0.5625,0.8125,0.854545455,0.80952381,0.9375,0.6,0.571428571,1,0.909090909,0.666666667,0.75,6.599938401,1.9999965,3.999988,0.440000616,0.60000056,1.50E-06,0.666666667,0.615384615,0.727272727,0.217181437,0.924170616,0.8,-11.71994283,27.04432923,-75.02448745,3.514646238,-139.391679,105.9412867,17.05867694,16.69482069
qNet-dvdtmax-APD50-APD90-carest-CaTD50,0.8125,0.5625,0.8125,0.854545455,0.825396825,0.9375,0.6,0.571428571,1,0.909090909,0.666666667,0.75,6.599938401,2.142853714,3.999988,0.440000616,0.535714866,1.33E-06,0.666666667,0.666666667,0.727272727,0.220139727,0.924170616,0.8,-13.0266394,26.0537801,-75.31679923,-0.796409363,-129.1482746,108.6188978,2.556745649,0.000582005
qNet-dvdtmax-APD50-APD90-carest-CaTD90,0.8125,0.5625,0.8125,0.854545455,0.825396825,0.9375,0.6,0.571428571,1,0.909090909,0.666666667,0.75,6.599938401,2.142853714,3.999988,0.440000616,0.535714866,1.33E-06,0.666666667,0.666666667,0.727272727,0.211481691,0.924170616,0.8,-12.08462817,26.80948905,-74.67995885,-0.488480559,-130.5866001,107.5027477,6.926206186,3.458790632
qNet-vmax-vrest-APD50-APD90-camax,0.8125,0.5625,0.8125,0.854545455,0.80952381,0.9375,0.6,0.571428571,1,0.909090909,0.666666667,0.75,6.599938401,1.9999965,3.999988,0.440000616,0.60000056,1.33E-06,0.666666667,0.615384615,0.727272727,0.206971551,0.924170616,0.8,-11.7817997,26.88347603,-70.12774281,0.528298306,6.044381825,-113.3570134,98.25650506,-1.546812086
qNet-vmax-vrest-APD50-APD90-carest,0.8125,0.5625,0.8125,0.854545455,0.80952381,0.9375,0.6,0.571428571,1,0.909090909,0.666666667,0.75,6.599938401,1.9999965,3.999988,0.440000616,0.60000056,1.33E-06,0.666666667,0.615384615,0.727272727,0.208170861,0.924170616,0.8,-10.54980484,28.18149659,-56.87842711,1.349661765,26.47886381,-64.90073761,65.56483344,-17.8097072
qNet-vmax-vrest-APD50-APD90-CaTD50,0.8125,0.5625,0.8125,0.854545455,0.825396825,0.9375,0.6,0.571428571,1,0.909090909,0.666666667,0.75,6.599938401,1.9999965,3.999988,0.440000616,0.60000056,1.33E-06,0.666666667,0.615384615,0.727272727,0.209873934,0.924170616,0.8,-12.17730369,26.73645974,-72.26182821,0.676501149,3.668250368,-120.7111362,103.2792911,0.259203634
qNet-vmax-vrest-APD50-camax-carest,0.8125,0.5,0.8125,0.872727273,0.793650794,0.9375,0.6,0.571428571,1,0.909090909,0.666666667,0.75,6.599938401,1.714283571,3.999988,0.440000616,0.642857679,1.33E-06,0.666666667,0.615384615,0.727272727,0.205625538,0.928909953,0.8,-8.170423483,31.35199239,-31.50651593,-1.230512148,68.29240553,34.24473439,-7.422255228,-39.04080667
qNet-vmax-vrest-APD50-carest-CaTD90,0.8125,0.5,0.8125,0.872727273,0.777777778,0.9375,0.6,0.571428571,1,0.909090909,0.666666667,0.75,6.599938401,1.714283571,3.999988,0.440000616,0.642857679,1.33E-06,0.666666667,0.615384615,0.727272727,0.213637096,0.928909953,0.8,-8.347317323,31.42494916,-32.72681581,-2.1595022,67.24185785,25.49322705,-34.87348727,10.92405878
qNet-vmax-vrest-APD90-carest-CaTD50,0.8125,0.5,0.8125,0.854545455,0.793650794,0.9375,0.6,0.571428571,1,0.909090909,0.666666667,0.75,6.599938401,1.714284286,3.999988,0.440000616,0.60000056,1.50E-06,0.666666667,0.615384615,0.727272727,0.210934741,0.928909953,0.8,-10.42711094,29.38663609,-40.87133615,1.243854052,54.85351805,24.65280106,-41.47807272,-1.039376336
qNet-vmax-vrest-APD90-carest-CaTD90,0.8125,0.5,0.8125,0.872727273,0.793650794,0.9375,0.6,0.571428571,1,0.909090909,0.666666667,0.75,6.599938401,1.714283571,3.999988,0.440000616,0.642857679,1.33E-06,0.666666667,0.615384615,0.727272727,0.209813525,0.928909953,0.8,-9.430116574,30.12191265,-39.70641282,-0.200264287,55.84221739,21.06142322,-34.69464966,4.555866097
qNet-vmax-vrest-max_dv-carest-CaTD50,0.8125,0.5,0.8125,0.854545455,0.80952381,0.9375,0.6,0.571428571,1,0.909090909,0.666666667,0.75,6.599938401,1.9999965,3.999988,0.440000616,0.60000056,1.33E-06,0.666666667,0.615384615,0.727272727,0.207264009,0.924170616,0.8,-7.610098221,33.10609516,-44.03905292,-2.99182663,52.85702431,10.42068848,-29.69732771,3.022862653
qNet-vmax-vrest-max_dv-carest-CaTD90,0.8125,0.5,0.8125,0.890909091,0.777777778,0.9375,0.6,0.571428571,1,0.909090909,0.666666667,0.75,6.599938401,1.714283571,3.999988,0.440000616,0.642857679,1.33E-06,0.666666667,0.615384615,0.727272727,0.202939729,0.943127962,0.8,-0.891448625,41.78124538,-39.47938202,-7.101874656,61.85244122,-3.125212576,16.84710782,42.42583711
qNet-vmax-vrest-camax-carest-CaTD50,0.8125,0.5,0.75,0.854545455,0.793650794,0.916666667,0.6,0.428571429,1,0.909090909,0.666666667,0.666666667,6.599938401,1.714283571,2.999994,0.440000616,0.685714663,1.50E-06,0.666666667,0.545454545,0.666666667,0.270819308,0.914691943,0.8,-4.500813796,36.24084194,-40.12472246,-7.271698227,60.38293956,23.51255103,-42.89964826,17.52182478
qNet-vmax-vrest-camax-CaTD50-CaTD90,0.8125,0.5,0.8125,0.890909091,0.761904762,0.927083333,0.6,0.428571429,1,0.909090909,0.666666667,0.75,6.599938401,1.49999825,3.999988,0.440000616,0.685714789,1.33E-06,0.666666667,0.545454545,0.727272727,0.237979051,0.933649289,0.8,-23.23760385,15.73214215,-33.10638768,-1.543792868,63.64402974,29.33050096,-41.15553904,129.7314362
qNet-vmax-APD50-APD90-camax-carest,0.8125,0.5625,0.8125,0.854545455,0.825396825,0.9375,0.6,0.571428571,1,0.909090909,0.666666667,0.75,6.599938401,1.9999965,3.999988,0.440000616,0.60000056,1.33E-06,0.666666667,0.615384615,0.727272727,0.213516628,0.924170616,0.8,-13.02502121,25.96713946,-74.76762073,1.275904291,-129.7271046,110.1870809,2.119772216,-0.87066705
qNet-vmax-APD50-APD90-camax-CaTD90,0.8125,0.5625,0.8125,0.854545455,0.80952381,0.9375,0.6,0.571428571,1,0.909090909,0.666666667,0.75,6.599938401,1.9999965,3.999988,0.440000616,0.60000056,1.33E-06,0.666666667,0.615384615,0.727272727,0.220871605,0.924170616,0.8,-12.34181984,26.39053121,-74.13126704,2.141188568,-139.4277849,107.4046515,15.46062472,15.90760405
qNet-vmax-APD50-APD90-carest-CaTD50,0.8125,0.5625,0.8125,0.854545455,0.825396825,0.9375,0.6,0.571428571,1,0.909090909,0.666666667,0.75,6.599938401,1.9999965,3.999988,0.440000616,0.60000056,1.33E-06,0.666666667,0.615384615,0.727272727,0.211173803,0.924170616,0.8,-12.88906566,25.97969134,-74.46954915,0.91623554,-128.4617414,109.447587,1.563011145,-0.307736166
qNet-vmax-APD50-APD90-carest-CaTD90,0.8125,0.5625,0.8125,0.854545455,0.80952381,0.9375,0.6,0.571428571,1,0.909090909,0.666666667,0.75,6.599938401,1.9999965,3.999988,0.440000616,0.60000056,1.33E-06,0.666666667,0.615384615,0.727272727,0.205175907,0.924170616,0.8,-11.94752888,26.86866364,-74.29675756,0.597072926,-130.8607063,108.5079189,6.319464382,3.278343227
qNet-vrest-APD50-APD90-camax-carest,0.8125,0.5625,0.8125,0.854545455,0.825396825,0.9375,0.6,0.571428571,1,0.909090909,0.666666667,0.75,6.599938401,1.9999965,3.999988,0.440000616,0.60000056,1.33E-06,0.666666667,0.615384615,0.727272727,0.21420309,0.924170616,0.8,-11.61993671,27.44835753,-66.39887873,13.9487501,-96.53073988,86.3365142,-0.323410669,-7.380749849
qNet-vrest-APD50-APD90-camax-CaTD50,0.8125,0.5625,0.8125,0.854545455,0.825396825,0.9375,0.6,0.571428571,1,0.909090909,0.666666667,0.75,6.599938401,1.9999965,3.999988,0.440000616,0.60000056,1.33E-06,0.666666667,0.615384615,0.727272727,0.207789959,0.924170616,0.8,-11.70603649,28.58089035,-71.67149727,8.70096785,-111.7415065,97.0156326,-2.260968314,0.246898898
qNet-vrest-APD50-APD90-carest-CaTD50,0.8125,0.5625,0.8125,0.854545455,0.80952381,0.9375,0.6,0.571428571,1,0.909090909,0.666666667,0.75,6.599938401,1.9999965,3.999988,0.440000616,0.60000056,1.50E-06,0.666666667,0.615384615,0.727272727,0.21973769,0.924170616,0.8,-11.67804077,28.14505619,-55.72784365,33.037967,-51.04837083,57.23587089,-24.42406803,-1.273300996
qNet-vrest-APD50-APD90-carest-CaTD90,0.8125,0.5625,0.8125,0.854545455,0.80952381,0.9375,0.6,0.571428571,1,0.909090909,0.666666667,0.75,6.599938401,1.9999965,3.999988,0.440000616,0.571429143,1.33E-06,0.666666667,0.615384615,0.727272727,0.210737648,0.924170616,0.8,-11.73832076,27.45055659,-70.72838079,7.383528421,-114.1030148,97.21379065,-0.071858185,2.278612521
qNet-vrest-APD50-max_dv-carest-CaTD50,0.8125,0.5,0.8125,0.872727273,0.777777778,0.9375,0.6,0.571428571,1,0.909090909,0.666666667,0.75,6.599938401,1.714283571,3.999988,0.440000616,0.642857679,1.33E-06,0.666666667,0.615384615,0.727272727,0.213442321,0.928909953,0.8,-7.255344496,31.75251526,-29.6481753,69.0289501,33.58206191,-1.726698015,-45.38828681,2.869123186
qNet-vrest-APD50-camax-carest-CaTD90,0.8125,0.5,0.8125,0.872727273,0.777777778,0.9375,0.6,0.571428571,1,0.909090909,0.666666667,0.75,6.599938401,1.714283571,3.999988,0.440000616,0.642857679,1.33E-06,0.666666667,0.615384615,0.727272727,0.211296406,0.933649289,0.8,-8.23354099,31.10464085,-30.85901889,67.73598579,28.42760248,0.570117396,-39.47780458,8.938527519
qNet-vrest-APD50-carest-CaTD50-CaTD90,0.8125,0.5,0.8125,0.872727273,0.777777778,0.9375,0.6,0.571428571,1,0.909090909,0.666666667,0.75,6.599938401,1.714283571,3.999988,0.440000616,0.642857679,1.33E-06,0.666666667,0.615384615,0.727272727,0.203369035,0.938388626,0.8,-25.27408001,13.62504241,-31.081996,66.27352596,28.96614632,-1.685713208,-48.47121969,107.54319
qNet-vrest-APD90-max_dv-CaTD50-CaTD90,0.875,0.4375,0.75,0.963636364,0.777777778,0.875,0.8,0.285714286,1,0.909090909,0.8,0.666666667,6.599938401,1.714281429,2.999994,0.220000858,0.857143,1.50E-06,0.8,0.4,0.666666667,0.236789722,0.947867299,0.8,-10.42170679,89.25981797,-91.20883227,213.0140349,-22.88166542,29.95172888,52.12156154,86.43546898
qNet-vrest-APD90-carest-CaTD50-CaTD90,0.8125,0.5,0.8125,0.872727273,0.777777778,0.9375,0.6,0.571428571,1,0.909090909,0.6,0.75,6.599938401,1.714283571,3.999988,0.440000616,0.60000056,1.33E-06,0.666666667,0.615384615,0.727272727,0.201172793,0.938388626,0.8,-32.74336557,6.138892398,-39.40370165,52.55346212,18.18091456,23.35449678,-67.82094119,146.9279162
qNet-APD50-APD90-camax-carest-CaTD50,0.8125,0.5625,0.8125,0.854545455,0.825396825,0.9375,0.6,0.571428571,1,0.909090909,0.666666667,0.75,6.599938401,2.142853714,3.999988,0.440000616,0.571429143,1.33E-06,0.666666667,0.615384615,0.727272727,0.222327853,0.91943128,0.8,-12.13332558,26.87513696,-75.32567067,-132.0217657,108.016732,4.930606367,-0.329256515,2.168172675
qNet-APD50-APD90-camax-carest-CaTD90,0.8125,0.5,0.75,0.854545455,0.80952381,0.9375,0.6,0.571428571,1,0.909090909,0.666666667,0.666666667,6.599938401,1.714283571,2.999994,0.440000616,0.642857679,1.50E-06,0.666666667,0.615384615,0.666666667,0.238763237,0.924170616,0.8,-12.66614444,26.00463409,-74.57509569,-147.996599,104.2804297,26.72474891,4.577458506,31.84921711
dvdtmax-vmax-vrest-APD50-APD90-carest,0.8125,0.5625,0.75,0.836363636,0.80952381,0.916666667,0.6,0.571428571,1,0.909090909,0.666666667,0.666666667,6.599938401,1.9999965,2.999994,0.440000616,0.642857679,1.50E-06,0.666666667,0.615384615,0.666666667,0.260045944,0.914691943,0.8,-14.31665336,25.10776986,-25.50408172,12.16093308,111.9807391,125.2943606,-50.86240015,-91.0035713
dvdtmax-vmax-vrest-APD50-APD90-CaTD90,0.8125,0.5,0.8125,0.872727273,0.777777778,0.9375,0.6,0.571428571,1,0.909090909,0.666666667,0.75,6.599938401,1.714283571,3.999988,0.440000616,0.642857679,1.33E-06,0.666666667,0.6,0.727272727,0.21309089,0.928909953,0.8,-2.236722343,36.84868023,-25.79428413,0.737268907,106.5318415,101.6615177,-75.8254518,61.41655572
dvdtmax-vmax-vrest-APD50-camax-CaTD50,0.75,0.5625,0.875,0.854545455,0.777777778,0.9375,0.6,0.428571429,1,0.727272727,0.714285714,0.833333333,2.933326244,1.9999965,5.99997,0.488889514,0.714286,1.33E-06,0.6,0.545454545,0.8,0.220329981,0.938388626,0.8,-22.09055262,14.11486681,-32.02360915,25.22560175,91.28723073,143.3941617,-121.6034283,-51.06162056
dvdtmax-vmax-vrest-APD50-CaTD50-CaTD90,0.8125,0.5,0.8125,0.872727273,0.777777778,0.9375,0.6,0.571428571,1,0.909090909,0.6,0.75,6.572439322,1.714283571,3.999988,0.488889514,0.642857679,1.33E-06,0.6,0.615384615,0.727272727,0.190868121,0.938388626,0.8,-43.42962461,-9.695588905,-36.38575297,31.07171002,84.77985052,57.51098311,-86.47204165,190.9979882
dvdtmax-vmax-vrest-APD90-camax-carest,0.75,0.5625,0.875,0.872727273,0.80952381,0.9375,0.6,0.428571429,1,0.818181818,0.666666667,0.833333333,3.29998735,1.9999965,5.99997,0.440000616,0.666667056,1.20E-06,0.666666667,0.545454545,0.8,0.168353114,0.943127962,0.8,-12.09025335,15.84984113,-39.51269786,47.57458016,66.67381717,59.05642632,-1.719748272,-75.99497278
dvdtmax-vmax-vrest-APD90-camax-CaTD50,0.8125,0.5,0.8125,0.909090909,0.825396825,0.9375,0.6,0.428571429,1,0.818181818,0.714285714,0.75,3.666656889,2.285709143,3.999988,0.440000616,0.666667056,1.33E-06,0.666666667,0.545454545,0.727272727,0.164521941,0.957345972,0.8,12.78943065,44.17734662,-41.81507987,30.39789702,69.83458908,8.606726173,-1.098895635,34.88341844
dvdtmax-vmax-vrest-APD90-camax-CaTD90,0.8125,0.5,0.8125,0.936363636,0.841269841,0.916666667,0.8,0.285714286,1,0.818181818,0.833333333,0.75,4.3999813,2.571419143,3.999988,0.244445368,0.714286,1.33E-06,0.727272727,0.444444444,0.727272727,0.223506914,0.957345972,0.8,-33.73396719,54.02567503,-59.79264791,49.55641828,220.5276142,140.6886221,-30.15462496,131.9006307
dvdtmax-vmax-vrest-APD90-carest-CaTD50,0.8125,0.5,0.8125,0.909090909,0.80952381,0.9375,0.6,0.428571429,1,0.818181818,0.666666667,0.75,4.3999813,2.142853714,3.999988,0.440000616,0.666667056,1.33E-06,0.666666667,0.545454545,0.727272727,0.164300973,0.957345972,0.8,5.073448539,36.24305308,-42.10843764,36.75942461,71.3819399,23.44836612,-26.15558914,25.79570991
dvdtmax-vmax-vrest-APD90-carest-CaTD90,0.8125,0.5,0.8125,0.927272727,0.857142857,0.9375,0.8,0.428571429,1,0.818181818,0.75,0.75,4.3999813,2.571423857,3.999988,0.275000997,0.571429,1.33E-06,0.727272727,0.6,0.727272727,0.143553536,0.966706161,0.8,2.108659656,33.84045494,-40.84484215,29.2049131,71.511854,3.165272655,32.52102519,78.13408493
dvdtmax-vmax-vrest-max_dv-camax-CaTD50,0.8125,0.5,0.8125,0.909090909,0.777777778,0.927083333,0.6,0.428571429,1,0.818181818,0.666666667,0.75,4.3999813,1.714283571,3.999988,0.440000616,0.761905079,1.33E-06,0.666666667,0.5,0.727272727,0.213423521,0.947867299,0.8,13.82850831,44.39957095,-37.42210532,20.16974579,69.468708,-4.040713731,13.37005231,44.56760432
dvdtmax-vmax-vrest-max_dv-carest-CaTD50,0.8125,0.5,0.8125,0.927272727,0.825396825,0.9375,0.6,0.428571429,1,0.818181818,0.714285714,0.75,4.3999813,2.285709143,3.999988,0.440000616,0.685714663,1.33E-06,0.666666667,0.545454545,0.727272727,0.167015542,0.957345972,0.8,11.98379174,42.75628336,-41.87162707,29.10986832,69.14033526,4.820227604,-0.865584293,35.8634269
dvdtmax-vmax-vrest-max_dv-carest-CaTD90,0.75,0.5625,0.875,0.890909091,0.80952381,0.9375,0.6,0.428571429,1,0.818181818,0.666666667,0.833333333,3.29998735,1.714283571,5.99997,0.488889514,0.666667056,1.33E-06,0.6,0.545454545,0.75,0.207634213,0.952606635,0.8,16.27806967,49.62093824,-31.18496087,11.25974912,74.78623524,-25.75392832,109.5361045,126.7419359
dvdtmax-vrest-APD50-APD90-camax-carest,0.8125,0.5,0.8125,0.872727273,0.777777778,0.9375,0.6,0.428571429,1,0.909090909,0.666666667,0.75,6.599938401,1.714283571,3.999988,0.440000616,0.685714663,1.33E-06,0.666666667,0.545454545,0.727272727,0.21877354,0.928909953,0.8,-7.765979231,31.87946022,-9.101988251,116.389697,144.1842357,-69.14819232,-16.60659465,-65.60975646
dvdtmax-vrest-APD50-APD90-camax-CaTD90,0.8125,0.5,0.8125,0.872727273,0.777777778,0.927083333,0.6,0.428571429,1,0.909090909,0.666666667,0.75,6.599938401,1.714282857,3.999988,0.440000616,0.714286071,1.33E-06,0.666666667,0.545454545,0.727272727,0.236658177,0.928909953,0.8,-3.941333915,34.83575323,-25.98199279,105.9966227,84.34233396,-77.10081217,23.08098761,88.34179985
dvdtmax-vrest-APD50-APD90-carest-CaTD50,0.8125,0.5,0.8125,0.872727273,0.761904762,0.927083333,0.6,0.428571429,1,0.909090909,0.666666667,0.75,6.599938401,1.49999825,3.999988,0.440000616,0.71428619,1.50E-06,0.666666667,0.545454545,0.666666667,0.237600878,0.924170616,0.8,-5.813014042,33.94437007,-8.792940857,117.2085022,134.3232371,-70.33415307,-75.57770672,7.934812599
dvdtmax-vrest-APD50-APD90-carest-CaTD90,0.8125,0.5,0.8125,0.872727273,0.777777778,0.927083333,0.6,0.428571429,1,0.909090909,0.666666667,0.75,6.599938401,1.714281429,3.999988,0.440000616,0.714286071,1.50E-06,0.666666667,0.545454545,0.666666667,0.239743315,0.928909953,0.8,-8.68228727,30.52422311,-13.25014643,114.1359494,125.738836,-69.58776689,-56.03665287,25.73223596
dvdtmax-vrest-APD50-APD90-CaTD50-CaTD90,0.8125,0.5,0.8125,0.890909091,0.761904762,0.9375,0.6,0.571428571,1,0.909090909,0.666666667,0.75,6.599938401,1.714283571,3.999988,0.440000616,0.685714663,1.33E-06,0.666666667,0.571428571,0.727272727,0.225752048,0.943127962,0.8,-33.04849366,5.050268339,-7.677813056,109.6492274,128.3935466,-71.74129185,-73.63052398,173.6169796
dvdtmax-vrest-APD50-camax-carest-CaTD90,0.8125,0.5,0.8125,0.909090909,0.793650794,0.9375,0.6,0.428571429,1,0.818181818,0.666666667,0.75,4.3999813,1.9999965,3.999988,0.440000616,0.685714663,1.33E-06,0.666666667,0.545454545,0.727272727,0.22508105,0.943127962,0.8,-7.492392849,24.11647699,-6.965322422,96.88123335,59.25150687,-13.83443451,-42.13456079,13.78530535
dvdtmax-vrest-max_dv-carest-CaTD50-CaTD90,0.75,0.5625,0.875,0.890909091,0.80952381,0.9375,0.6,0.571428571,1,0.818181818,0.666666667,0.833333333,3.29998735,1.714283571,5.99997,0.488889514,0.642857679,1.33E-06,0.6,0.615384615,0.75,0.222341992,0.957345972,0.8,3.791524688,36.51009868,-23.29141549,75.68249334,-34.26892029,166.4819011,-44.08357602,231.9069656
vmax-vrest-APD50-APD90-camax-carest,0.8125,0.5,0.8125,0.890909091,0.761904762,0.927083333,0.6,0.428571429,1,0.909090909,0.666666667,0.75,6.599938401,1.714281429,3.999988,0.440000616,0.685714663,1.33E-06,0.666666667,0.545454545,0.727272727,0.216762616,0.943127962,0.8,-5.251972557,34.57182698,-2.284007974,118.0174361,148.5404512,-73.10876225,-14.97209382,-67.41368966
vmax-vrest-APD90-carest-CaTD50-CaTD90,0.8125,0.5,0.8125,0.945454545,0.888888889,0.947916667,0.8,0.428571429,1,0.818181818,0.8,0.75,4.3999813,3.428556857,3.999988,0.244445368,0.571429,1.33E-06,0.727272727,0.6,0.727272727,0.13568142,0.971563981,0.8,-15.40684791,11.28231497,12.54814206,64.32565546,1.674597156,89.15590089,-72.19992565,218.5209326
qNet-dvdtmax-vmax-vrest-max_dv-CaTD90,0.75,0.5,0.75,0.899772727,0.777777778,0.916666667,0.6,0.285714286,1,0.818181818,0.714285714,0.75,3.29998735,1.714282857,2.999994,0.440000616,0.833333528,1.50E-06,0.666666667,0.4,0.666666667,0.22741882,0.947867299,0.766666667,-28.91442598,65.1176159,-46.53948457,-127.0481338,112.4497125,130.3876335,39.81973128,120.164465
qNet-dvdtmax-vmax-carest-CaTD50-CaTD90,0.875,0.5,0.8125,0.945454545,0.825396825,0.916666667,0.6,0.571428571,0.75,0.818181818,0.6,0.83125,5.49997525,1.714283571,3.999988,0.4000006,0.642857679,0.30000084,0.75,0.615384615,0.666666667,0.172922196,0.962085308,0.766666667,-34.58989828,4.412829481,-67.31467168,85.39535139,-24.69126806,99.44373534,-133.3695958,249.6369897
qNet-dvdtmax-vrest-APD90-CaTD50-CaTD90,0.8125,0.5,0.75,0.854545455,0.777777778,0.895833333,0.6,0.428571429,1,0.909090909,0.666666667,0.666666667,6.599938401,1.714283571,2.999994,0.440000616,0.714286071,1.50E-06,0.666666667,0.545454545,0.666666667,0.25978376,0.91943128,0.766666667,-4.322035118,88.71910963,-90.7535123,-38.17728141,100.813617,-11.80937623,62.63371351,-32.21164013
qNet-vmax-vrest-APD50-camax-CaTD50,0.8125,0.5625,0.875,0.872727273,0.793650794,0.9375,0.6,0.571428571,0.75,0.909090909,0.666666667,0.833333333,6.599938401,1.9999965,5.99997,0.440000616,0.60000056,0.25000075,0.666666667,0.615384615,0.75,0.185382494,0.938388626,0.766666667,-9.822464612,30.46825372,-33.32914556,-3.004059039,65.19349167,59.85048575,-54.91765103,-19.6387205
qNet-vrest-APD50-max_dv-carest-CaTD90,0.8125,0.5,0.75,0.836363636,0.825396825,0.875,0.6,0.428571429,1,0.909090909,0.8,0.666666667,6.599938401,2.571419143,2.999992,0.440000616,0.666667056,1.71E-06,0.666666667,0.545454545,0.615384615,0.295895683,0.90521327,0.766666667,-40.25143154,44.23463781,-129.2883371,36.96038443,-24.79262472,48.90724501,-68.82435838,-53.25418784
qNet-vrest-APD50-camax-CaTD50-CaTD90,0.8125,0.5625,0.875,0.872727273,0.793650794,0.9375,0.6,0.571428571,0.75,0.909090909,0.6,0.833333333,6.599938401,1.714284286,5.99997,0.440000616,0.60000056,0.272728066,0.666666667,0.615384615,0.75,0.191787759,0.933649289,0.766666667,-28.0189016,11.62993946,-31.70776568,67.79843104,49.04839321,-22.34933759,-56.98998486,96.1614989
dvdtmax-vmax-vrest-APD50-carest-CaTD50,0.8125,0.5,0.8125,0.854545455,0.777777778,0.9375,0.6,0.428571429,1,0.818181818,0.666666667,0.75,4.3999813,1.714283571,3.999988,0.440000616,0.666667056,1.33E-06,0.666666667,0.545454545,0.727272727,0.211432908,0.924170616,0.766666667,-13.05363787,21.92137384,-33.5010825,29.1793085,92.08372043,66.07656154,-82.80781286,2.270946301
dvdtmax-vmax-vrest-APD90-max_dv-CaTD50,0.8125,0.4375,0.75,0.936363636,0.825396825,0.895833333,1,0,1,0.727272727,1,0.666666667,3.666656889,0.999998625,2.999994,1.38E-06,1,1.50E-06,0.769230769,0,0.666666667,0.349863585,0.943127962,0.766666667,-25.21833526,14.09628653,64.18867463,26.73132624,29.48400394,201.1223123,-30.68374792,0.090305891
dvdtmax-vmax-vrest-camax-carest-CaTD50,0.8125,0.5,0.8125,0.872727273,0.746031746,0.916666667,0.6,0.428571429,1,0.818181818,0.666666667,0.75,4.3999813,1.49999825,3.999988,0.440000616,0.80000028,1.33E-06,0.666666667,0.5,0.727272727,0.252237815,0.91943128,0.766666667,3.731400012,37.42208005,-33.06599629,29.50812968,87.41841734,62.03371128,-87.01138344,47.52463713
vmax-vrest-APD50-camax-carest-CaTD90,0.8125,0.4375,0.75,0.963636364,0.825396825,0.895833333,1,0,1,0.727272727,1,0.666666667,3.666656889,1.000000852,2.999994,1.38E-06,1,1.50E-06,0.769230769,0,0.666666667,0.317776886,0.924170616,0.766666667,-35.93876789,4.331140515,51.66921232,-73.34018982,36.45021436,19.11070124,104.8331582,75.63077516
vmax-vrest-APD50-camax-CaTD50-CaTD90,0.8125,0.5625,0.875,0.927272727,0.841269841,0.947916667,0.8,0.428571429,0.75,0.727272727,0.75,0.833333333,3.666656889,2.849990829,5.99997,0.244445368,0.666667056,0.272728066,0.727272727,0.545454545,0.75,0.166926058,0.966824645,0.766666667,-32.6351772,0.630514943,23.79500596,88.0578344,131.0505407,-84.43122828,-96.07426185,103.8571509
vmax-vrest-APD90-camax-carest-CaTD50,0.75,0.5,0.8125,0.890909091,0.777777778,0.9375,0.6,0.285714286,1,0.818181818,0.714285714,0.75,3.29998735,1.999993,3.999988,0.440000616,0.816326741,1.33E-06,0.666666667,0.4,0.727272727,0.232125621,0.943127962,0.766666667,-2.254518882,22.71998942,16.03868954,76.07772624,33.54500153,46.02961704,-101.5474976,16.28657561
qNet-dvdtmax-vrest-APD90-camax-CaTD90,0.75,0.5625,0.75,0.836363636,0.841269841,0.895833333,0.6,0.428571429,1,0.818181818,0.8,0.666666667,3.29998735,2.999986,2.999994,0.440000616,0.666667056,1.50E-06,0.666666667,0.545454545,0.666666667,0.280692574,0.91943128,0.733333333,-8.77064565,65.16278503,-100.2369261,-39.16915259,119.0912023,60.4218171,-65.5129832,-16.38315233
qNet-dvdtmax-vrest-max_dv-camax-CaTD50,0.8125,0.5625,0.8125,0.854545455,0.825396825,0.9375,0.6,0.571428571,0.75,0.909090909,0.666666667,0.75,6.599938401,1.9999965,3.999988,0.440000616,0.60000056,0.272728066,0.666666667,0.615384615,0.727272727,0.206228279,0.924170616,0.733333333,-4.367580535,36.48960854,-42.88084245,-11.55357793,49.61975559,9.496197918,-17.86361687,2.719162185
qNet-dvdtmax-vrest-max_dv-CaTD50-CaTD90,0.8125,0.5,0.8125,0.872727273,0.793650794,0.9375,0.6,0.571428571,0.75,0.909090909,0.666666667,0.75,6.599938401,1.785712321,3.999988,0.440000616,0.60000056,0.250568933,0.666666667,0.615384615,0.727272727,0.194400829,0.928909953,0.733333333,-22.22172666,17.82430583,-42.68363653,-2.130041918,51.34194605,11.30022364,-38.13242717,83.40925136
qNet-dvdtmax-APD50-APD90-CaTD50-CaTD90,0.8125,0.5625,0.8125,0.836363636,0.841269841,0.9375,0.6,0.571428571,0.75,0.909090909,0.666666667,0.75,6.599938401,2.142853714,3.999988,0.440000616,0.514286297,0.250568933,0.666666667,0.666666667,0.727272727,0.224737975,0.91943128,0.733333333,-16.81414531,22.39995867,-76.26641781,1.088264748,-122.82168,107.8925275,-9.652663323,10.99972105
qNet-dvdtmax-APD50-max_dv-camax-CaTD90,0.8125,0.5,0.75,0.818181818,0.825396825,0.90625,0.6,0.428571429,0.75,0.909090909,0.666666667,0.666666667,6.599938401,1.9999965,2.999992,0.440000616,0.642857679,0.333334222,0.666666667,0.6,0.6,0.260706919,0.909952607,0.733333333,-12.59556147,30.27844536,-78.41722452,-6.759648809,-131.0418994,41.5931819,67.04603414,67.1897789
qNet-dvdtmax-APD90-carest-CaTD50-CaTD90,0.8125,0.5,0.8125,0.927272727,0.777777778,0.916666667,0.6,0.428571429,0.75,0.818181818,0.5,0.75,4.3999813,1.49999825,3.999988,0.440000616,0.714286071,0.30000084,0.666666667,0.545454545,0.666666667,0.186580329,0.957345972,0.733333333,-34.22899756,4.926395703,-60.79927842,44.61990347,19.71769847,40.82979801,-95.82729177,158.0332249
qNet-vmax-vrest-APD50-max_dv-CaTD50,0.8125,0.5,0.8125,0.854545455,0.80952381,0.9375,0.6,0.571428571,0.75,0.909090909,0.666666667,0.75,6.599938401,1.785712321,3.999988,0.440000616,0.642857679,0.272728066,0.666666667,0.615384615,0.666666667,0.221824087,0.91943128,0.733333333,-1.601641189,39.74021501,-47.86142663,-9.487970587,43.83068053,-4.850083063,1.681506972,11.252589
qNet-vmax-vrest-APD50-CaTD50-CaTD90,0.8125,0.5,0.8125,0.872727273,0.777777778,0.9375,0.6,0.571428571,0.75,0.909090909,0.6,0.75,6.599938401,1.714283571,3.999988,0.440000616,0.642857679,0.25000075,0.666666667,0.615384615,0.727272727,0.202520868,0.938388626,0.733333333,-28.0779467,11.06173456,-31.19698619,0.996587787,66.06514876,30.86086483,-55.68744814,119.2714344
qNet-vmax-vrest-APD90-CaTD50-CaTD90,0.8125,0.5,0.8125,0.872727273,0.777777778,0.9375,0.6,0.571428571,0.75,0.909090909,0.571428571,0.75,6.599938401,1.714284286,3.999988,0.440000616,0.60000056,0.272728066,0.666666667,0.615384615,0.727272727,0.198270442,0.933649289,0.733333333,-26.91940252,12.11885094,-39.64923309,2.390450963,52.80616422,23.26140103,-50.06840941,103.1118383
qNet-vmax-APD50-APD90-camax-CaTD50,0.8125,0.5,0.8125,0.927272727,0.825396825,0.927083333,0.8,0.428571429,0.75,0.818181818,0.714285714,0.75,4.3999813,2.142854286,3.999988,0.244445368,0.685714663,0.30000084,0.727272727,0.545454545,0.666666667,0.161301856,0.962085308,0.733333333,-26.58742349,53.64706412,-106.8659379,61.44325437,-44.91659092,112.1315696,-52.94350763,-31.50320503
qNet-vmax-APD50-APD90-CaTD50-CaTD90,0.8125,0.5625,0.8125,0.854545455,0.80952381,0.9375,0.6,0.571428571,0.75,0.909090909,0.6,0.75,6.599938401,1.9999965,3.999988,0.440000616,0.571429429,0.272728066,0.666666667,0.615384615,0.727272727,0.207964903,0.924170616,0.733333333,-19.87608412,18.80184117,-73.30589812,5.688789731,-120.4877927,111.3435737,-19.76375727,27.08858371
qNet-vmax-APD50-max_dv-camax-carest,0.8125,0.5625,0.75,0.836363636,0.841269841,0.916666667,0.6,0.428571429,0.75,0.909090909,0.714285714,0.666666667,6.5999384,2.49999475,2.999994,0.440000616,0.571429,0.30000084,0.666666667,0.6,0.666666667,0.25139836,0.909952607,0.733333333,-12.56480502,27.63712545,-70.25644213,-8.086718436,-51.45713717,25.34622076,-0.360861877,11.89407459
qNet-vmax-APD50-max_dv-camax-CaTD90,0.8125,0.5,0.75,0.836363636,0.80952381,0.90625,0.6,0.428571429,0.75,0.909090909,0.666666667,0.666666667,6.599938401,1.714283571,2.999992,0.440000616,0.685714663,0.333334222,0.666666667,0.545454545,0.6,0.267940196,0.909952607,0.733333333,-11.65744531,31.08189091,-78.51615995,-3.216955701,-127.2628296,38.09853918,70.12165296,69.29325188
qNet-vmax-APD50-max_dv-carest-CaTD50,0.8125,0.5625,0.75,0.836363636,0.841269841,0.916666667,0.6,0.428571429,0.75,0.909090909,0.714285714,0.666666667,6.599938401,2.49999475,2.999994,0.440000616,0.60000056,0.30000084,0.666666667,0.6,0.666666667,0.255372876,0.909952607,0.733333333,-11.2752875,28.99671923,-70.52513939,-9.498526665,-55.43473803,25.24404159,16.48909336,2.792640322
qNet-vmax-APD90-max_dv-carest-CaTD50,0.875,0.4375,0.75,0.963636364,0.73015873,0.833333333,0.6,0.285714286,1,0.909090909,0.666666667,0.666666667,8.799914201,1.285713429,2.999994,0.4000006,0.857143071,1.50E-06,0.75,0.4,0.666666667,0.312524761,0.943127962,0.733333333,-36.01243412,73.08574184,-137.6609602,35.79342378,-0.253478638,-27.48008104,141.3596993,91.38096782
qNet-vmax-APD90-max_dv-carest-CaTD90,0.8125,0.4375,0.75,0.909090909,0.73015873,0.875,0.6,0.428571429,0.75,0.909090909,0.5,0.666666667,6.599938401,1.285713429,2.999992,0.440000616,0.857143071,0.333334222,0.666666667,0.5,0.6,0.236349164,0.947867299,0.733333333,-39.00103351,134.8272186,-228.1318992,69.09659646,-62.61673164,23.41244473,77.4372975,66.90968913
qNet-vrest-APD50-APD90-CaTD50-CaTD90,0.8125,0.5625,0.8125,0.854545455,0.793650794,0.9375,0.6,0.571428571,0.75,0.909090909,0.6,0.75,6.599938401,1.714284286,3.999988,0.440000616,0.60000056,0.272728066,0.666666667,0.615384615,0.727272727,0.20570394,0.928909953,0.733333333,-24.17125116,15.00285163,-47.47873417,43.12408829,-23.61320758,37.48176936,-39.61083103,81.18954824
qNet-vrest-APD90-camax-carest-CaTD50,0.75,0.5625,0.875,0.890909091,0.777777778,0.9375,0.8,0.285714286,0.75,0.727272727,0.833333333,0.833333333,2.933326244,2.999986,5.99997,0.244445368,0.714286,0.272728066,0.714285714,0.444444444,0.75,0.20227343,0.947867299,0.733333333,-2.524265913,36.94292322,-58.50841652,-7.387526512,54.44553975,-148.7490722,164.1445512,-39.06577987
qNet-vrest-APD90-camax-CaTD50-CaTD90,0.8125,0.5625,0.8125,0.854545455,0.80952381,0.9375,0.6,0.571428571,0.75,0.909090909,0.6,0.75,6.599938401,1.714284286,3.999988,0.440000616,0.60000056,0.272728066,0.666666667,0.615384615,0.727272727,0.196959859,0.928909953,0.733333333,-24.67115457,14.85950897,-44.47248443,48.76021469,31.05617797,-16.99602344,-43.46305947,70.79222087
qNet-vrest-max_dv-carest-CaTD50-CaTD90,0.8125,0.5,0.8125,0.890909091,0.793650794,0.9375,0.6,0.571428571,0.75,0.909090909,0.6,0.833333333,6.599938401,1.714284286,4.499979,0.440000616,0.60000056,0.25000075,0.666666667,0.615384615,0.727272727,0.189842018,0.938388626,0.733333333,-32.499696,6.843970638,-40.92208116,49.95966808,9.350490861,33.01682746,-71.35221269,157.1702044
qNet-APD50-APD90-camax-CaTD50-CaTD90,0.8125,0.5625,0.8125,0.836363636,0.841269841,0.927083333,0.6,0.571428571,0.75,0.909090909,0.666666667,0.75,6.599938401,2.142853714,3.999988,0.440000616,0.514286297,0.272728066,0.666666667,0.666666667,0.666666667,0.241771985,0.91943128,0.733333333,-16.2944986,22.94482868,-76.72667465,-133.0233905,106.6265237,10.93366066,-8.166507082,21.27194088
qNet-APD50-APD90-carest-CaTD50-CaTD90,0.8125,0.5625,0.8125,0.854545455,0.80952381,0.9375,0.6,0.571428571,0.75,0.909090909,0.6,0.75,6.599938401,1.9999965,3.999988,0.440000616,0.535714866,0.272728066,0.666666667,0.666666667,0.727272727,0.208368505,0.928909953,0.733333333,-30.63456608,8.127125081,-74.42786176,-123.7582547,102.2902592,44.51710776,-53.29854677,109.9327179
qNet-APD50-max_dv-camax-carest-CaTD90,0.8125,0.5,0.75,0.872727273,0.761904762,0.916666667,0.6,0.428571429,0.75,0.909090909,0.666666667,0.75,6.599938401,1.49999825,2.999994,0.440000616,0.80000028,0.272728066,0.666666667,0.5,0.666666667,0.245044999,0.928909953,0.733333333,-8.01589339,32.69630313,-71.62097311,-148.4242741,38.24716884,81.82492953,25.26617052,106.2217464
qNet-APD50-max_dv-carest-CaTD50-CaTD90,0.8125,0.5,0.8125,0.872727273,0.793650794,0.9375,0.6,0.571428571,0.75,0.909090909,0.571428571,0.75,6.599938401,1.714283571,3.999988,0.440000616,0.60000056,0.30000084,0.666666667,0.615384615,0.666666667,0.192399443,0.928909953,0.733333333,-33.10080688,8.668438465,-75.39442823,-87.24146878,43.64700683,73.40621516,-76.74422298,160.4634527
dvdtmax-vrest-APD50-APD90-camax-CaTD50,0.75,0.5625,0.875,0.854545455,0.761904762,0.9375,0.6,0.428571429,0.75,0.818181818,0.625,0.833333333,3.29998735,1.714282857,5.99997,0.488889514,0.750000437,0.272728066,0.6,0.5,0.75,0.224209894,0.933649289,0.733333333,-10.35638805,30.40959594,-11.94684136,114.3349671,200.9153024,-75.23599857,-103.1860662,-37.55951776
dvdtmax-vrest-APD90-camax-carest-CaTD50,0.8125,0.5,0.75,0.872727273,0.777777778,0.895833333,0.6,0.428571429,1,0.818181818,0.666666667,0.666666667,4.3999813,1.9999965,2.999994,0.440000616,0.685714663,1.50E-06,0.666666667,0.545454545,0.666666667,0.28299124,0.900473934,0.733333333,5.260253479,36.25262622,-21.85992154,93.940989,-10.44385486,63.72478316,-71.17756803,54.56142161
dvdtmax-APD50-APD90-camax-carest-CaTD90,0.75,0.4375,0.75,0.890909091,0.682539683,0.875,0.6,0.285714286,1,0.818181818,0.666666667,0.666666667,3.29998735,1.285713,2.999994,0.488889514,0.918367452,1.50E-06,0.6,0.363636364,0.666666667,0.280969514,0.919312796,0.733333333,-2.233454395,10.55483875,-15.33815397,-142.2766245,-63.68856086,201.6618228,108.4813936,317.4076933
vmax-vrest-APD50-APD90-camax-CaTD50,0.75,0.5625,0.875,0.872727273,0.777777778,0.9375,0.6,0.428571429,0.75,0.818181818,0.666666667,0.833333333,3.29998735,1.785712321,5.99997,0.488889514,0.666667056,0.272728066,0.6,0.545454545,0.75,0.198790289,0.947867299,0.733333333,-6.48206269,33.56713441,-4.165882727,113.7824258,198.8519615,-78.11371051,-97.51377881,-34.2337481
vmax-vrest-APD50-APD90-carest-CaTD50,0.8125,0.5,0.8125,0.890909091,0.746031746,0.916666667,0.6,0.428571429,0.75,0.909090909,0.6,0.75,6.599938401,1.49999825,3.999988,0.440000616,0.80000028,0.272728066,0.666666667,0.5,0.666666667,0.231028149,0.933649289,0.733333333,-3.645218496,35.92123157,-1.89929769,117.5005901,138.1268169,-72.85400557,-76.17717754,6.786200807
vmax-vrest-max_dv-carest-CaTD50-CaTD90,0.75,0.5625,0.875,0.890909091,0.825396825,0.9375,0.6,0.571428571,0.75,0.818181818,0.625,0.833333333,3.29998735,1.714282857,5.99997,0.488889514,0.642857679,0.25000075,0.6,0.615384615,0.75,0.220547282,0.952606635,0.733333333,-5.547767226,24.10174392,-5.373234271,68.56505419,-33.20082606,194.5658672,-85.2347211,307.4788631
vrest-APD50-APD90-camax-carest-CaTD50,0.8125,0.5625,0.875,0.872727273,0.793650794,0.9375,0.6,0.571428571,0.75,0.818181818,0.6,0.833333333,4.3999813,1.783926621,5.99997,0.440000616,0.60000056,0.272728066,0.666666667,0.615384615,0.75,0.188672246,0.943127962,0.733333333,-17.38160869,23.16940553,119.2169179,206.3650397,-69.78046773,-85.25286577,-42.94366879,-42.50466346
qNet-dvdtmax-vmax-vrest-APD90-max_dv,0.75,0.5,0.75,0.818181818,0.777777778,0.916666667,0.6,0.571428571,0.75,0.818181818,0.5,0.75,3.29998735,1.428570571,2.999992,0.488889514,0.685714789,0.333334222,0.6,0.571428571,0.6,0.247282216,0.909952607,0.7,-3.327979082,38.36730855,-54.33955587,10.15364062,-7.805785566,27.26137142,18.00411644,-10.8516499
qNet-dvdtmax-vmax-vrest-camax-carest,0.8125,0.5,0.75,0.818181818,0.777777778,0.864583333,0.6,0.571428571,0.75,0.909090909,0.5,0.666666667,6.599938401,1.428570571,2.999992,0.440000616,0.642857679,0.333334222,0.666666667,0.615384615,0.6,0.277139544,0.90521327,0.7,-36.21324903,91.57720558,-169.5846829,-22.64123649,21.46289659,37.14409049,16.67370117,-23.67797647
qNet-dvdtmax-vmax-APD50-max_dv-camax,0.8125,0.5625,0.75,0.836363636,0.841269841,0.90625,0.6,0.428571429,0.75,0.818181818,0.666666667,0.666666667,4.3999813,2.142853714,2.999992,0.440000616,0.571429,0.300834175,0.666666667,0.6,0.615,0.251584922,0.90521327,0.7,-14.97669099,27.53108233,-72.19096694,-5.451383322,-1.530348141,-55.19009786,29.05834249,6.589149541
qNet-dvdtmax-vmax-APD50-max_dv-carest,0.8125,0.5625,0.75,0.836363636,0.841269841,0.916666667,0.6,0.428571429,0.75,0.818181818,0.714285714,0.666666667,4.3999813,2.49999475,2.999994,0.440000616,0.571429,0.30000084,0.666666667,0.6,0.666666667,0.248243641,0.909952607,0.7,-13.17651116,27.03475734,-69.00908341,-4.033845522,-4.496011223,-53.02688661,27.4313914,9.77442814
qNet-dvdtmax-vmax-APD50-max_dv-CaTD50,0.8125,0.5625,0.75,0.836363636,0.841269841,0.916666667,0.6,0.571428571,0.75,0.818181818,0.666666667,0.75,4.3999813,2.142854286,2.999992,0.440000616,0.571429,0.333334222,0.666666667,0.6,0.6,0.247503799,0.909952607,0.7,-15.69483857,24.35776404,-66.94562144,-6.186124413,0.707429928,-44.82120706,27.65109849,-4.549078874
qNet-dvdtmax-vmax-APD50-camax-carest,0.75,0.5,0.75,0.818181818,0.761904762,0.916666667,0.6,0.428571429,0.75,0.818181818,0.5,0.75,3.29998735,1.333332556,2.999992,0.488889514,0.761905079,0.333334222,0.6,0.5,0.6,0.251850731,0.909952607,0.7,0.442339506,39.24173887,-59.60315654,-1.126838538,-8.412085664,-13.24263566,-29.14457128,64.06094811
qNet-dvdtmax-vmax-APD50-carest-CaTD90,0.75,0.5,0.8125,0.854545455,0.714285714,0.927083333,0.6,0.428571429,0.75,0.818181818,0.5,0.833333333,3.29998735,1.333332556,4.499979,0.488889514,0.80000028,0.30000084,0.6,0.5,0.666666667,0.24541069,0.928909953,0.7,12.10946185,52.615114,-63.45656367,-2.882797113,-13.97836619,-79.41555891,134.1075575,82.2492356
qNet-dvdtmax-vmax-APD90-max_dv-carest,0.75,0.5,0.8125,0.854545455,0.73015873,0.90625,0.6,0.428571429,0.75,0.818181818,0.5,0.75,3.29998735,1.333332556,3.999988,0.488889514,0.80000028,0.30000084,0.6,0.5,0.666666667,0.237533382,0.914691943,0.7,-5.350072545,32.14062954,-53.26449822,8.922449729,-1.412501155,5.309835914,-6.346500104,16.27859878
qNet-dvdtmax-vmax-APD90-max_dv-CaTD50,0.75,0.5,0.8125,0.854545455,0.746031746,0.90625,0.6,0.428571429,0.75,0.818181818,0.5,0.75,3.29998735,1.333332556,3.999988,0.488889514,0.761905079,0.30000084,0.6,0.545454545,0.666666667,0.237797869,0.91943128,0.7,-10.58664975,27.4680296,-57.50343565,17.94732569,-3.397657187,21.39222876,-10.17570443,-8.693376509
qNet-dvdtmax-vmax-APD90-camax-CaTD50,0.8125,0.5,0.75,0.836363636,0.777777778,0.90625,0.6,0.428571429,0.75,0.818181818,0.571428571,0.75,4.3999813,1.666665111,2.999992,0.440000616,0.685714663,0.333334222,0.666666667,0.545454545,0.6,0.239923464,0.914691943,0.7,-37.18170666,20.50475947,-91.54378985,1.161772106,11.37304592,66.18087933,-58.12295386,-51.23163812
qNet-dvdtmax-vmax-APD90-CaTD50-CaTD90,0.75,0.5,0.8125,0.872727273,0.73015873,0.916666667,0.6,0.428571429,0.75,0.818181818,0.5,0.75,3.29998735,1.333332556,3.999988,0.488889514,0.761905079,0.30000084,0.6,0.545454545,0.666666667,0.234627273,0.933649289,0.7,-28.54654055,10.77394038,-60.46767736,23.81493188,4.117427297,24.91241755,-55.2079956,70.27809904
qNet-dvdtmax-vmax-max_dv-camax-carest,0.75,0.5,0.8125,0.836363636,0.714285714,0.916666667,0.6,0.428571429,0.75,0.727272727,0.5,0.75,2.933326244,1.285713,3.999988,0.488889514,0.857143143,0.30000084,0.6,0.461538462,0.666666667,0.26378501,0.914691943,0.7,3.784184452,40.95632811,-52.16785703,-2.614919088,-5.090204751,-5.402846841,-37.54344674,76.808556
qNet-dvdtmax-vmax-max_dv-carest-CaTD50,0.8125,0.5,0.75,0.854545455,0.73015873,0.885416667,0.6,0.571428571,0.75,0.909090909,0.5,0.75,6.599938401,1.333332556,2.999992,0.488889514,0.761905079,0.333334222,0.6,0.571428571,0.6,0.237106041,0.91943128,0.7,-66.45164348,71.46789137,-150.0005412,-80.14096596,112.6102006,36.64313009,-60.75968355,-14.07575768
qNet-dvdtmax-vmax-camax-carest-CaTD50,0.75,0.5,0.8125,0.818181818,0.714285714,0.916666667,0.6,0.428571429,0.75,0.727272727,0.5,0.75,2.933326244,1.285713429,3.999988,0.488889514,0.857143073,0.30000084,0.6,0.461538462,0.666666667,0.264426156,0.909952607,0.7,-1.07907392,36.74352493,-56.30354333,-2.546543205,-6.393791617,-43.04098317,69.5676127,-7.702259047
qNet-dvdtmax-vmax-camax-CaTD50-CaTD90,0.8125,0.5,0.8125,0.890909091,0.714285714,0.90625,0.6,0.428571429,0.75,0.818181818,0.5,0.75,4.3999813,1.333332556,3.999988,0.440000616,0.80000028,0.30000084,0.666666667,0.5,0.666666667,0.242897103,0.933649289,0.7,-20.07328496,19.16072064,-63.86470666,35.49465959,-9.753567315,17.89520531,-37.79151388,60.90576745
qNet-dvdtmax-vrest-APD90-carest-CaTD50,0.8125,0.4375,0.6875,0.890909091,0.73015873,0.875,0.6,0.285714286,1,0.909090909,0.666666667,0.583333333,6.599938401,1,2.39999664,0.440000616,1,1.71E-06,0.666666667,0.363636364,0.615384615,0.328629543,0.914691943,0.7,-12.5609475,71.29924904,-181.4663237,-18.81681314,91.45680591,-56.76308815,-45.24986979,37.11410116
qNet-dvdtmax-APD50-max_dv-camax-carest,0.8125,0.5625,0.75,0.836363636,0.841269841,0.916666667,0.6,0.428571429,0.75,0.818181818,0.666666667,0.666666667,4.3999813,2.142854286,2.999994,0.440000616,0.571429,0.30000084,0.666666667,0.6,0.666666667,0.244970206,0.909952607,0.7,-13.79624964,26.35621231,-66.89357008,-6.504320037,-51.90276536,28.31196512,3.207836284,3.482030651
qNet-dvdtmax-APD50-max_dv-carest-CaTD50,0.8125,0.5625,0.75,0.836363636,0.825396825,0.916666667,0.6,0.428571429,0.75,0.818181818,0.666666667,0.666666667,4.3999813,2.142853714,2.999994,0.440000616,0.571429,0.30000084,0.666666667,0.6,0.666666667,0.238903374,0.909952607,0.7,-13.0756829,26.77559167,-65.94943952,-6.935279073,-52.36273829,28.65897923,8.323426943,0.438925732
qNet-dvdtmax-APD50-max_dv-carest-CaTD90,0.8125,0.5,0.8125,0.872727273,0.793650794,0.9375,0.6,0.571428571,0.75,0.818181818,0.6,0.833333333,4.3999813,1.714284286,4.499979,0.440000616,0.653061621,0.272728066,0.666666667,0.571428571,0.727272727,0.192924465,0.933649289,0.7,0.958805667,41.78962863,-65.72214814,-12.58439742,-94.69146828,28.97151756,81.72231397,53.13036168
qNet-dvdtmax-max_dv-camax-carest-CaTD90,0.75,0.5,0.75,0.836363636,0.761904762,0.90625,0.6,0.428571429,0.75,0.818181818,0.571428571,0.75,3.29998735,1.49999825,2.999992,0.488889514,0.761905079,0.333334222,0.6,0.5,0.6,0.251565283,0.909952607,0.7,-4.052211921,33.47958906,-53.65824279,-6.758714885,2.771093333,-29.60935246,41.67285407,-13.44764396
qNet-dvdtmax-max_dv-camax-CaTD50-CaTD90,0.8125,0.5,0.75,0.836363636,0.761904762,0.916666667,0.6,0.428571429,0.75,0.818181818,0.5,0.75,4.3999813,1.428570357,2.999992,0.440000616,0.750000437,0.333334222,0.666666667,0.545454545,0.6,0.23524163,0.91943128,0.7,-22.82325854,15.860806,-62.03493038,14.29110865,13.72471716,-7.470272407,-36.82245863,34.26984182
qNet-dvdtmax-camax-carest-CaTD50-CaTD90,0.75,0.5,0.8125,0.854545455,0.682539683,0.916666667,0.6,0.428571429,0.75,0.727272727,0.571428571,0.75,2.933326244,1.142856762,3.999988,0.488889514,0.914285851,0.30000084,0.6,0.461538462,0.666666667,0.277010041,0.933649289,0.7,-19.90814615,20.80084862,-57.60218372,6.120797115,-57.84000436,155.496225,-93.347104,171.6728232
qNet-vmax-vrest-APD90-camax-carest,0.75,0.5,0.8125,0.872727273,0.746031746,0.90625,0.6,0.428571429,0.75,0.818181818,0.571428571,0.75,3.29998735,1.49999825,3.999988,0.488889514,0.80000028,0.30000084,0.6,0.5,0.666666667,0.223448562,0.928909953,0.7,-11.95409132,111.5751341,-147.2802532,27.30456222,65.92525982,42.03717978,-12.76481979,7.036429876
qNet-vmax-APD50-max_dv-CaTD50-CaTD90,0.8125,0.5625,0.75,0.818181818,0.841269841,0.885416667,0.6,0.571428571,0.75,0.909090909,0.666666667,0.75,6.5999384,1.9999965,2.999992,0.440000616,0.60000056,0.333334222,0.666666667,0.615384615,0.6,0.269903258,0.90521327,0.7,-35.52292644,25.96371255,-115.4637641,-4.343889075,-49.81168787,29.94745648,-43.83897216,52.31713617
qNet-vmax-APD50-camax-carest-CaTD50,0.75,0.5,0.75,0.836363636,0.793650794,0.90625,0.6,0.428571429,0.75,0.818181818,0.5,0.75,3.29998735,1.523808127,2.999992,0.488889514,0.685714663,0.333334222,0.6,0.545454545,0.6,0.257912309,0.90521327,0.7,-0.900464938,38.6634262,-62.03086228,-9.279020444,-20.89865206,-13.13970252,49.00651912,4.924495143
qNet-vmax-APD90-camax-carest-CaTD50,0.75,0.5,0.75,0.818181818,0.761904762,0.916666667,0.6,0.428571429,0.75,0.818181818,0.571428571,0.75,3.29998735,1.523808127,2.999992,0.488889514,0.750000437,0.333334222,0.6,0.545454545,0.6,0.25806519,0.909952607,0.7,-23.18799265,10.77602801,-55.84019917,3.376789416,48.27559445,-58.98315768,19.60562931,-39.82702506
qNet-vmax-APD90-camax-CaTD50-CaTD90,0.8125,0.5,0.75,0.836363636,0.761904762,0.90625,0.6,0.428571429,0.75,0.818181818,0.5,0.75,4.3999813,1.428570571,2.999992,0.440000616,0.685714789,0.333334222,0.666666667,0.571428571,0.6,0.241957881,0.914691943,0.7,-27.20261293,11.1376194,-59.0497763,10.27902836,46.55764157,-37.91327703,-40.92718954,11.00935832
qNet-vmax-APD90-carest-CaTD50-CaTD90,0.75,0.5,0.75,0.836363636,0.73015873,0.90625,0.6,0.428571429,0.75,0.818181818,0.5,0.75,3.29998735,1.333332556,2.999992,0.488889514,0.750000438,0.333334222,0.6,0.545454545,0.6,0.25216951,0.914691943,0.7,-50.11100729,-11.89452067,-54.96846853,11.63357312,21.68299269,44.55369049,-103.4782074,179.5196283
qNet-vmax-max_dv-camax-carest-CaTD90,0.75,0.5,0.8125,0.836363636,0.761904762,0.916666667,0.6,0.428571429,0.75,0.818181818,0.5,0.75,3.29998735,1.428570571,3.999988,0.488889514,0.750000438,0.30000084,0.6,0.545454545,0.666666667,0.236083311,0.914691943,0.7,-2.434978887,34.94539753,-55.1724824,-5.177023445,0.167236997,-29.31372444,46.90775735,-10.90067446
qNet-vmax-max_dv-carest-CaTD50-CaTD90,0.8125,0.5,0.75,0.836363636,0.746031746,0.90625,0.6,0.428571429,0.75,0.818181818,0.5,0.75,4.3999813,1.333332556,2.999992,0.440000616,0.750000438,0.333334222,0.666666667,0.545454545,0.6,0.247046741,0.914691943,0.7,-46.54945717,-7.682834842,-56.88786627,10.14689197,12.26160741,45.40411743,-97.86405058,170.3521336
qNet-vrest-APD90-max_dv-camax-carest,0.8125,0.5,0.75,0.818181818,0.793650794,0.875,0.6,0.571428571,0.75,0.909090909,0.571428571,0.666666667,6.599938401,1.714283571,2.999992,0.440000616,0.653061621,0.333334222,0.666666667,0.571428571,0.6,0.279703034,0.909952607,0.7,-37.22449618,70.74673593,-141.5660089,59.29786966,6.798801573,2.396541496,36.5593018,-75.61726866
qNet-APD50-APD90-max_dv-camax-CaTD50,0.8125,0.5,0.75,0.836363636,0.80952381,0.90625,0.6,0.428571429,0.75,0.818181818,0.6,0.75,4.3999813,1.785712321,2.999994,0.440000616,0.666667056,0.30000084,0.666666667,0.571428571,0.666666667,0.232036223,0.914691943,0.7,-28.75744061,51.05669556,-129.3537848,-78.78682876,-2.451838161,51.55370695,4.078588986,-6.529871309
qNet-APD90-camax-carest-CaTD50-CaTD90,0.75,0.5,0.8125,0.818181818,0.714285714,0.916666667,0.6,0.428571429,0.75,0.727272727,0.571428571,0.833333333,2.933326244,1.333332556,4.499979,0.488889514,0.80000028,0.30000084,0.6,0.5,0.666666667,0.262583012,0.914691943,0.7,-24.51478447,11.86925197,-60.29287125,52.13841719,-91.42174446,75.54032345,-63.75506217,38.13748499
dvdtmax-vmax-vrest-APD50-carest-CaTD90,0.6875,0.4375,0.75,0.854545455,0.666666667,0.90625,1,0,0.75,0.545454545,0.857142857,0.75,2.19999736,8.00E-06,2.999992,1.83E-06,1.14285698,0.333334222,0.666666667,0,0.6,0.385711284,0.914691943,0.7,21.38122435,53.78002475,8.7592271,47.82006317,-42.61207864,20.70613236,160.7626833,64.51232839
dvdtmax-vmax-APD50-APD90-carest-CaTD50,0.75,0.5,0.8125,0.890909091,0.761904762,0.916666667,0.8,0.142857143,0.75,0.636363636,0.714285714,0.75,2.749995188,1.142856,3.999988,0.275000997,0.97959186,0.30000084,0.666666667,0.222222222,0.666666667,0.266127193,0.933649289,0.7,3.008330265,17.19633288,-28.65392156,38.1352016,-2.502409435,7.852250573,7.615644391,11.65997483
dvdtmax-vmax-APD50-APD90-carest-CaTD90,0.6875,0.5,0.8125,0.872727273,0.746031746,0.916666667,0.8,0.142857143,0.75,0.636363636,0.714285714,0.75,2.1999967,1.142856,3.999988,0.314286792,0.97959186,0.30000084,0.615384615,0.222222222,0.666666667,0.289611096,0.928909953,0.7,8.409489082,23.26166282,-32.85224228,34.27975287,-24.13681688,-1.966653516,73.12735203,63.41121034
dvdtmax-vmax-APD50-APD90-CaTD50-CaTD90,0.75,0.5,0.8125,0.890909091,0.73015873,0.916666667,0.6,0.285714286,0.75,0.727272727,0.625,0.75,2.933326244,1.49999825,3.999988,0.4000006,0.857143029,0.30000084,0.666666667,0.4,0.666666667,0.246260861,0.938388626,0.7,-20.89045338,-6.811229097,-26.54078098,42.48874533,9.624424643,18.20367503,-35.18396179,66.92931523
dvdtmax-vmax-APD50-camax-carest-CaTD90,0.75,0.4375,0.75,0.890909091,0.761904762,0.916666667,0.6,0.142857143,0.75,0.727272727,0.666666667,0.666666667,2.933326244,1.142856,2.999994,0.488889514,0.97959186,0.30000084,0.6,0.25,0.666666667,0.277072894,0.933649289,0.7,1.545668138,15.35897242,-30.88477802,30.34392958,-73.72106702,62.94579477,64.76853743,132.6978282
dvdtmax-vmax-APD90-camax-carest-CaTD50,0.6875,0.5,0.8125,0.872727273,0.73015873,0.916666667,0.8,0.142857143,0.75,0.636363636,0.75,0.75,2.19999736,1.142856,3.999988,0.275000997,0.97959186,0.30000084,0.666666667,0.222222222,0.666666667,0.299056941,0.924170616,0.7,3.205594413,17.19054841,-34.19374538,41.96972567,23.93337305,-39.07152154,37.52853575,-2.633441243
dvdtmax-vmax-camax-carest-CaTD50-CaTD90,0.75,0.5,0.8125,0.890909091,0.746031746,0.916666667,0.6,0.428571429,0.75,0.727272727,0.5,0.833333333,2.933326244,1.142856762,4.499979,0.488889514,0.914285851,0.30000084,0.6,0.461538462,0.666666667,0.262457142,0.938388626,0.7,-45.39129242,-30.75990843,-28.71850711,37.08728168,8.809479294,99.26373112,-114.4911043,265.3348622
dvdtmax-vrest-APD90-max_dv-CaTD50-CaTD90,0.8125,0.5,0.8125,0.818181818,0.746031746,0.895833333,0.6,0.571428571,1,0.909090909,0.666666667,0.75,6.599938401,1.49999825,3.999988,0.440000616,0.750000438,1.33E-06,0.666666667,0.571428571,0.727272727,0.26846251,0.890995261,0.7,-29.26289448,-0.23150162,32.51264985,87.15301638,281.200439,-163.3379012,-60.79355232,154.4979447
vmax-APD50-camax-carest-CaTD50-CaTD90,0.75,0.5,0.8125,0.890909091,0.73015873,0.916666667,0.6,0.428571429,0.75,0.818181818,0.5,0.833333333,3.29998735,1.285713429,4.499979,0.488889514,0.857143071,0.30000084,0.6,0.461538462,0.666666667,0.255349934,0.933649289,0.7,-40.00369825,-28.24823943,22.73171722,2.130659068,6.798920014,95.68692381,-116.1170135,259.9543352
